<?xml version="1.0" encoding="UTF-8" standalone="yes"?>
<manifest>
  <control namespace="PCFTranslationFields" constructor="PCFTranslationFields" version="2.0.0" display-name-key="TextToTranslate" description-key="FieldTranslation" control-type="standard" api-version="1.1.0">
    <property name="TextToTranslate" display-name-key="TextToTranslate" description-key="TextToTranslate" of-type="SingleLine.Text" usage="bound" required="true" default-value="True:True;False:False"/>
    <resources>
      <code path="bundle.js" order="1"/>
      <css path="PCFTranslationFields.css" order="1"/>
      <css path="PCFcomponent.css" order="2"/>
      <img path="translate.png"/>
    </resources>
    <built-by name="pac" version="0.4.3"/>
  </control>
</manifest>